Data,ALR,CCC,CDR,CPS,DNP,JSW,KGH,LPP,MBK,OPL,PEO,PGE,PKN,PKO,PZU,SPL,TPE
2023-01-02,34.7,43.44,128.34,17.8,369.2,57.98,126.612,10244.0,297.4,6.38663,82.3033,6.92,59.4885,30.27,32.6027,244.377,2.135
2023-01-03,38.39,43.0,128.003,17.7,359.4,55.0,129.439,10641.0,322.2,6.35618,86.4699,6.832,60.041,31.76,32.8193,256.405,2.162
2023-01-04,41.05,45.86,126.514,18.04,360.0,57.5,131.423,10611.9,334.0,6.4323,88.9241,6.946,60.5567,32.67,33.7707,269.961,2.206
2023-01-05,41.72,46.82,131.535,18.54,352.8,56.52,135.39,10834.6,336.4,6.54458,89.8754,6.898,57.5178,33.19,33.6765,273.97,2.217
2023-01-09,42.95,45.8,132.706,19.09,365.3,58.08,146.896,11357.5,345.0,6.70824,93.6614,6.7,57.0942,34.43,34.4772,282.37,2.175
2023-01-10,43.48,45.95,137.092,19.07,365.0,58.48,149.624,12132.1,356.0,6.73679,94.9361,6.668,57.0942,35.0,34.7787,285.234,2.143
2023-01-11,41.71,44.8,134.71,19.24,365.2,59.46,149.326,11076.7,339.8,6.60167,94.137,6.81,57.0942,34.45,34.6656,279.697,2.18
2023-01-12,42.42,44.07,128.935,19.1,366.1,58.4,149.872,10408.6,344.4,6.61309,96.4106,6.974,58.1256,35.58,34.4019,285.425,2.253
2023-01-13,42.09,43.29,131.118,18.79,363.5,57.9,152.55,10205.3,343.6,6.556,96.0776,6.92,57.5547,35.32,34.1381,284.089,2.229
2023-01-16,42.44,43.5,127.824,18.65,368.6,56.08,149.078,10408.6,350.6,6.66447,96.8386,6.916,58.2914,35.82,34.1099,288.862,2.195
2023-01-17,42.0,43.64,128.4,18.85,363.0,56.38,147.64,10215.0,335.2,6.63783,93.0145,6.95,57.5178,34.64,33.7613,280.27,2.199
2023-01-18,40.75,42.55,132.25,18.85,361.9,58.1,151.409,10263.4,332.8,6.556,91.2262,7.218,58.8071,34.13,33.5823,277.788,2.214
2023-01-19,39.76,41.5,131.476,19.05,354.7,57.38,145.21,10108.4,331.0,6.55409,90.5603,7.306,58.2914,33.9,34.1946,275.115,2.202
2023-01-20,40.52,42.01,131.495,19.13,363.9,58.8,143.325,10263.4,330.2,6.57503,90.7505,7.26,58.6045,33.88,34.6185,275.115,2.189
2023-01-23,40.54,42.27,134.651,19.6,370.3,61.28,146.598,10273.1,328.0,6.67208,91.9872,7.47,59.8384,34.05,34.9011,280.843,2.31
2023-01-24,40.31,42.55,132.885,19.23,374.1,64.42,147.491,10176.2,329.0,6.59025,91.7018,7.584,59.7095,33.98,34.5055,279.888,2.338
2023-01-25,38.49,41.72,130.503,18.79,375.4,64.48,146.946,10050.4,313.4,6.57503,87.4211,7.442,59.2675,32.62,34.1758,269.197,2.323
2023-01-26,38.8,42.36,133.619,19.14,386.4,64.96,148.037,10060.0,322.6,6.65876,88.0109,7.554,59.9674,32.63,34.6751,271.488,2.334
2023-01-27,38.8,42.21,132.865,18.9,387.2,64.32,145.011,10069.7,317.4,6.75011,87.0216,7.56,62.2143,32.22,34.3925,269.579,2.307
2023-01-30,37.06,42.9,131.773,18.37,392.6,63.84,142.532,9895.44,309.2,6.60357,85.7279,7.59,60.7225,31.53,34.3925,268.815,2.311
2023-01-31,39.19,44.0,138.243,18.35,391.1,67.24,139.507,9798.61,317.8,6.64163,87.7065,7.488,59.7832,32.16,34.5903,273.97,2.36
2023-02-01,39.25,41.02,137.211,18.2,380.4,59.42,137.721,9769.56,314.8,6.56551,86.4318,7.03,57.9046,32.16,34.5432,270.151,2.245
2023-02-02,39.81,42.0,144.653,18.8,380.0,60.5,140.3,9953.53,318.8,6.63402,87.8397,7.118,58.5308,32.35,35.0142,274.161,2.251
2023-02-03,40.2,41.09,145.665,18.6,385.9,57.62,136.63,10021.3,320.0,6.57693,88.848,6.986,58.0519,32.72,35.0424,276.834,2.198
2023-02-06,39.1,39.28,141.458,17.91,379.5,57.5,133.803,9798.61,312.6,6.45323,86.565,6.77,57.1311,31.84,33.7802,269.77,2.18
2023-02-07,39.09,38.3,140.188,17.91,382.4,57.6,137.225,9798.61,312.6,6.4932,86.7552,6.8,57.6652,31.81,33.8461,271.106,2.189
2023-02-08,38.94,37.65,140.605,18.15,376.9,59.66,136.828,9779.25,318.0,6.47036,87.9348,6.872,59.3964,32.25,33.8461,273.588,2.206
2023-02-09,40.53,38.0,140.386,17.97,376.0,57.42,137.622,9769.56,319.0,6.46275,89.571,6.916,59.1017,32.8,34.2606,275.688,2.207
2023-02-10,38.87,36.93,137.568,17.91,365.5,56.44,132.563,9348.38,309.4,6.52745,87.364,6.85,58.4755,32.13,33.2432,271.87,2.17
2023-02-13,38.8,35.61,137.826,17.52,364.0,53.72,132.067,9527.5,313.0,6.42278,88.1821,6.736,58.4019,32.3,33.9591,272.061,2.125
2023-02-14,39.37,35.09,133.202,17.56,359.3,54.88,132.663,9483.93,320.0,6.49891,89.0953,6.766,58.586,32.74,33.6483,274.924,2.113
2023-02-15,39.52,35.32,137.33,17.61,370.0,55.94,131.522,9653.38,321.4,6.54458,89.2856,6.752,58.7518,33.04,34.0722,276.643,2.124
2023-02-16,40.8,36.5,138.441,17.72,368.0,55.6,132.911,9537.19,327.2,6.67018,90.5222,6.766,58.2914,32.36,34.1004,276.07,2.156
2023-02-17,39.84,36.02,134.77,18.15,371.4,55.9,132.315,9667.9,322.0,6.67018,87.6114,6.898,58.2914,31.92,34.0062,274.161,2.166
2023-02-20,39.46,35.19,135.286,17.96,370.0,56.1,135.589,9590.44,319.2,6.63593,85.7469,6.92,58.2361,31.35,33.6483,274.543,2.182
2023-02-21,39.0,34.49,130.206,17.57,371.5,55.34,134.498,9566.23,314.6,6.52555,84.0346,6.772,57.8309,30.73,33.5258,272.061,2.136
2023-02-22,38.5,34.2,130.92,17.31,363.8,53.28,127.455,9295.13,312.0,6.60928,82.2082,6.686,57.4626,30.04,33.0077,268.433,2.096
2023-02-23,39.07,35.04,133.46,17.47,372.5,55.76,127.307,9212.82,314.0,6.56742,83.0834,6.758,59.1202,30.56,33.9215,268.815,2.167
2023-02-24,39.72,34.76,128.519,17.23,370.0,54.06,122.992,9135.37,317.6,6.46275,83.8444,6.624,57.6099,30.6,34.1099,272.633,2.138
2023-02-27,39.82,35.13,131.099,17.16,370.8,54.8,124.777,9280.6,316.0,6.40946,83.9205,6.66,58.0519,30.56,34.091,283.134,2.149
2023-02-28,40.61,35.39,131.376,17.25,371.6,54.66,126.364,9120.84,328.0,6.39804,85.3093,6.68,61.3855,31.08,34.4961,285.234,2.153
2023-03-01,40.25,35.49,131.238,17.48,373.4,55.54,131.125,9304.81,323.8,6.51223,85.3283,6.74,61.0356,31.35,34.628,286.38,2.148
2023-03-02,39.6,34.68,129.789,17.33,376.2,52.24,127.009,9140.21,311.2,6.42278,83.1024,6.444,60.0042,30.53,34.0439,273.206,2.066
2023-03-03,39.5,35.45,129.65,17.35,382.7,53.0,129.836,9343.54,316.2,6.44752,84.3581,6.36,60.4094,30.97,34.4396,277.979,2.077
2023-03-06,40.48,35.96,131.178,17.99,389.1,53.78,128.943,9498.46,326.4,6.53887,86.6601,6.606,61.0908,31.6,35.2874,288.289,2.085
2023-03-07,41.02,34.88,132.428,17.78,394.3,52.6,124.827,9488.77,321.0,6.48939,86.2416,6.644,59.9489,30.99,34.8917,282.561,2.064
2023-03-08,41.75,34.99,131.238,18.0,403.5,53.04,124.976,9503.3,321.8,6.59977,86.6601,6.516,60.0042,31.1,34.9765,285.043,2.043
2023-03-09,41.0,35.23,131.158,17.84,407.4,52.16,120.909,9232.19,317.8,6.6226,85.2522,6.624,58.4571,30.5,34.7033,284.47,2.096
2023-03-10,39.34,35.43,127.705,17.1,414.6,50.66,120.463,9130.52,304.2,6.45514,81.4472,6.506,57.5178,29.78,33.5635,274.161,2.061
2023-03-13,38.5,35.05,126.098,16.95,405.1,48.15,118.578,8902.99,295.8,6.24199,78.4031,6.336,55.2341,28.91,32.8287,269.388,2.028
2023-03-14,39.02,35.7,128.995,16.65,412.6,47.37,119.52,9004.65,294.6,6.12781,78.6885,6.166,54.9946,28.83,32.1222,269.006,2.01
2023-03-15,36.88,35.0,128.36,16.34,405.0,44.1,112.379,8854.58,286.0,6.11068,76.3104,6.104,51.9926,27.97,31.2556,267.288,1.944
2023-03-16,36.66,35.32,134.353,16.51,409.3,45.55,113.966,8975.61,283.0,6.19252,75.9869,6.044,51.127,27.2,31.0107,265.569,1.9475
2023-03-17,34.4,36.17,129.987,16.03,411.5,44.9,113.47,8922.35,272.8,6.13733,73.6088,5.86,51.0533,26.46,29.8897,258.314,1.8925
2023-03-20,33.93,36.78,129.709,16.14,410.3,46.71,116.396,8994.97,273.8,6.1849,75.0357,5.982,51.2743,26.76,29.7955,252.587,1.907
2023-03-21,34.7,36.7,115.56,16.42,414.1,47.5,117.933,9009.49,288.0,6.29338,78.6314,6.212,53.2634,27.98,31.3215,262.133,1.968
2023-03-22,34.29,36.59,111.908,15.92,414.7,46.68,117.685,8990.13,281.2,6.38472,77.2426,6.14,53.1345,27.56,30.9071,260.415,1.9505
2023-03-23,34.46,36.8,109.15,16.09,403.3,46.45,116.446,9091.79,283.0,6.50081,77.2426,6.23,53.0608,27.4,30.9918,262.133,1.9475
2023-03-24,34.11,35.53,109.745,15.79,387.2,45.44,114.015,9043.38,274.2,6.4304,75.0547,6.056,51.8084,26.72,30.144,258.887,1.898
2023-03-27,35.7,35.72,113.178,15.8,391.1,45.46,115.503,9280.6,277.0,6.39995,76.3865,6.016,52.2873,27.07,30.2571,259.842,1.883
2023-03-28,36.86,35.98,108.157,15.74,400.4,45.37,116.049,9048.22,286.8,6.23248,77.6802,6.008,52.4714,27.2,30.3607,273.015,1.8495
2023-03-29,37.84,36.09,109.328,16.22,385.3,46.91,117.537,9067.59,298.8,6.27054,79.5827,6.0,52.3609,28.05,30.8976,280.079,1.8625
2023-03-30,38.57,36.86,112.404,16.57,382.9,47.78,122.248,9295.13,305.8,6.34286,81.314,6.394,53.7422,28.81,32.9889,284.28,1.981
2023-03-31,38.75,38.59,110.36,16.74,391.1,47.11,121.256,9275.76,306.4,6.4951,81.295,6.276,53.6317,28.52,33.0454,278.552,1.927
2023-04-03,39.3,38.28,107.225,16.5,387.5,47.0,119.669,9391.95,319.0,6.51603,82.8551,6.26,55.0499,29.05,33.1584,286.38,1.944
2023-04-04,40.23,38.36,107.602,16.18,389.4,45.78,117.487,9421.0,324.4,6.50652,82.7029,6.216,54.6079,28.89,33.912,285.234,1.954
2023-04-05,38.94,38.19,107.006,16.28,383.4,44.47,115.404,9217.67,320.8,6.6816,81.0096,6.22,54.3132,28.64,33.9309,280.652,1.9125
2023-04-06,39.13,39.0,105.379,16.21,379.7,44.75,115.503,9038.54,323.4,6.6816,81.9799,6.244,53.9633,28.67,33.9591,281.607,1.92
2023-04-11,41.06,42.0,104.823,16.02,374.0,45.49,118.975,8990.13,329.8,6.63212,83.7302,6.448,55.7498,29.25,34.3642,290.962,1.959
2023-04-12,42.3,40.73,107.999,16.29,373.5,47.29,121.008,9391.95,342.2,6.70253,85.8801,6.434,56.2839,30.0,34.9577,298.408,1.95
2023-04-13,44.24,39.2,109.15,16.44,388.0,47.24,122.843,9469.41,350.8,6.80339,87.4211,6.47,56.2839,30.83,34.9106,298.789,1.9385
2023-04-14,45.1,39.33,109.884,16.41,392.9,46.17,124.926,9440.36,356.6,6.83194,88.9431,6.618,56.4865,31.29,34.9671,307.19,2.014
2023-04-17,45.42,42.4,110.082,17.0,393.5,46.43,121.157,9275.76,356.0,6.87952,89.3807,6.66,56.818,31.4,35.0142,311.008,2.062
2023-04-18,45.25,42.4,108.852,16.84,395.0,47.01,127.802,9522.66,360.0,6.9347,91.4164,6.752,57.4257,32.35,36.0975,314.827,2.094
2023-04-19,44.94,41.6,108.356,16.9,397.1,46.01,124.678,9527.5,365.2,7.02224,92.1584,6.69,56.8364,32.47,36.267,324.564,2.061
2023-04-20,45.08,46.74,108.802,17.57,399.7,46.16,125.025,9759.88,366.2,7.00131,93.2238,6.792,56.4496,32.63,36.3518,329.718,2.076
2023-04-21,45.73,46.8,109.943,17.13,395.3,44.74,121.752,9934.17,366.4,6.79388,92.6911,6.686,56.4865,32.58,36.2388,321.7,2.064
2023-04-24,45.04,46.74,109.447,16.915,399.5,45.38,119.768,9953.53,352.2,6.84336,93.6995,6.76,57.1126,32.73,36.5025,332.391,2.077
2023-04-25,44.63,45.1,110.142,16.69,401.2,44.24,115.255,9692.1,349.4,6.75582,92.9384,6.85,57.306,32.11,36.0881,324.564,2.085
2023-04-26,43.6,44.3,111.085,16.95,404.3,43.84,116.991,9682.42,338.0,6.77485,91.4735,6.726,58.098,31.79,35.8431,319.218,2.044
2023-04-27,44.7,45.5,113.119,17.32,428.2,44.71,118.33,11522.1,354.6,6.87,93.9848,6.838,59.5438,32.54,36.4366,329.718,2.069
2023-04-28,43.4,44.76,112.424,17.44,423.4,42.9,118.429,11618.9,347.5,6.89664,91.3023,6.878,58.4019,32.07,36.0786,322.845,2.069
2023-05-02,42.83,44.25,110.886,17.91,428.5,41.87,115.057,12035.3,341.7,7.05079,90.5603,6.898,58.0059,31.62,36.333,319.982,2.051
2023-05-04,41.63,45.96,111.134,17.525,414.9,40.68,115.206,11812.6,334.3,7.0565,87.6494,6.642,57.0206,30.37,35.8526,315.018,1.995
2023-05-05,42.32,48.78,112.027,17.945,406.7,41.55,117.586,12103.0,344.7,7.16497,90.1417,6.746,58.0611,31.13,37.0489,314.827,2.043
2023-05-08,42.35,51.8,110.936,17.805,402.0,42.0,121.107,12093.3,354.7,7.25061,90.0847,7.056,58.1624,31.27,37.1148,318.836,2.143
2023-05-09,42.0,50.64,110.985,17.66,408.2,41.9,119.471,12122.4,346.8,7.21255,90.0086,6.94,57.6744,31.12,37.1619,317.881,2.115
2023-05-10,42.82,51.5,112.126,18.11,409.6,42.2,118.181,12180.5,355.2,7.08314,90.8457,7.248,57.8862,31.18,37.2279,318.454,2.246
2023-05-11,42.77,49.54,115.798,17.58,405.6,41.25,113.867,12103.0,349.5,7.1174,90.4081,7.166,57.527,31.0,36.5402,315.209,2.24
2023-05-12,43.4,48.53,113.962,17.75,417.7,40.91,113.718,12509.7,350.1,7.23158,91.2071,7.302,58.2545,31.35,37.1619,316.927,2.344
2023-05-15,42.22,49.0,113.516,17.72,420.0,41.7,115.255,12548.4,339.9,7.15355,91.0169,7.4,58.761,31.37,36.9547,313.299,2.339
2023-05-16,42.3,48.45,110.34,18.12,424.2,40.76,113.867,12567.8,345.8,7.21635,91.8921,7.482,58.4848,31.63,37.3598,313.108,2.368
2023-05-17,41.93,50.44,108.306,17.175,421.0,40.13,112.18,12345.1,341.1,7.02415,91.9491,7.06,58.4111,31.67,37.3503,311.199,2.191
2023-05-18,42.4,49.7,108.653,17.07,414.4,40.51,110.445,12364.5,344.0,6.9918,93.8326,6.956,58.4203,32.23,37.6989,314.636,2.151
2023-05-19,43.6,50.0,112.821,17.365,423.5,41.06,111.784,12877.6,364.9,7.06221,96.6484,7.12,59.3688,33.25,38.1887,332.773,2.186
2023-05-22,43.9,50.12,117.137,17.46,425.9,40.56,112.676,12858.3,366.5,7.06982,96.6959,7.394,59.5438,33.52,38.2452,334.873,2.316
2023-05-23,44.23,48.6,120.065,17.56,422.5,40.88,110.098,12800.2,370.0,7.14023,97.5996,7.404,59.0189,33.74,38.5844,335.828,2.37
2023-05-24,42.77,46.94,113.466,16.77,420.7,42.42,104.841,12054.6,360.0,6.9937,94.9932,7.292,59.2583,32.63,38.0568,325.9,2.387
2023-05-25,43.53,46.83,113.317,16.55,425.2,40.13,104.444,11793.2,368.0,6.86239,96.363,7.128,57.6191,32.97,38.0286,332.773,2.415
2023-05-26,44.28,47.98,117.981,16.64,429.5,40.73,108.411,12122.4,378.0,6.87381,97.9801,7.15,59.6451,34.07,38.6032,334.301,2.408
2023-05-29,43.6,47.35,124.034,16.65,424.3,41.04,108.709,11996.5,379.0,6.91377,97.3618,7.2,58.982,34.08,38.1322,336.782,2.418
2023-05-30,42.42,47.17,122.496,16.45,422.0,39.7,105.981,11861.0,366.6,6.95564,95.602,6.88,57.702,33.13,37.7554,331.437,2.324
2023-05-31,40.43,45.71,120.263,15.445,416.1,38.45,103.75,11618.9,352.8,6.87,91.5686,6.716,55.4274,32.08,36.3424,321.318,2.22
2023-06-01,41.59,44.2,123.041,15.64,442.0,39.34,107.667,12074.0,356.8,6.90235,93.8707,6.968,57.4442,32.8,37.3315,329.718,2.315
2023-06-02,44.49,45.01,127.457,15.965,459.0,41.4,113.47,12538.7,384.5,6.91758,99.2168,7.094,58.9544,34.47,38.1322,349.765,2.344
2023-06-05,44.48,45.91,129.69,16.83,455.7,41.89,112.329,12606.5,388.0,7.07743,97.885,7.23,59.1202,34.3,37.7177,350.72,2.38
2023-06-06,46.45,45.03,131.575,16.925,460.4,42.0,112.627,12732.4,396.0,7.26964,101.547,7.32,59.8845,35.78,38.7539,362.938,2.42
2023-06-07,45.1,45.08,129.987,16.53,458.0,42.14,112.875,12761.4,379.6,7.04318,100.691,7.15,59.9121,35.32,38.5749,353.965,2.405
2023-06-09,45.55,45.68,128.35,16.515,460.3,42.49,113.222,13371.4,397.7,6.91567,103.402,7.14,60.0779,35.79,38.5844,371.53,2.431
2023-06-12,44.44,45.21,141.4,16.39,469.9,41.45,109.998,14039.5,378.9,6.92899,102.736,7.15,58.8807,35.34,38.1416,359.884,2.39
2023-06-13,43.4,45.75,140.3,16.32,476.5,42.06,113.371,13458.6,375.8,6.78817,101.69,7.08,58.8807,34.95,37.9626,353.583,2.354
2023-06-14,45.22,43.23,159.0,17.035,473.5,44.31,117.983,13642.5,394.2,6.82433,106.542,7.284,59.82,35.6,38.3489,368.857,2.419
2023-06-15,45.45,42.94,168.25,17.14,484.1,44.36,119.768,13700.6,396.4,6.89474,106.589,7.44,60.3633,35.67,38.4525,372.675,2.48
2023-06-16,45.92,43.0,170.0,17.045,477.1,42.34,119.719,13904.0,404.4,6.85097,106.637,7.518,61.5328,36.17,38.7068,371.53,2.487
2023-06-19,46.07,42.54,165.8,17.16,467.9,41.2,116.198,13632.9,396.8,6.86239,105.4,7.508,60.9619,35.92,38.3112,367.33,2.588
2023-06-20,45.87,41.9,156.05,17.015,469.8,41.66,113.718,13168.1,394.4,6.83955,104.116,7.408,61.3118,35.53,38.2641,364.848,2.551
2023-06-21,47.14,41.84,154.8,16.55,467.1,42.25,114.462,13061.6,396.0,6.82623,106.066,7.36,61.6986,35.97,38.6597,367.521,2.576
2023-06-22,47.02,42.23,155.6,16.715,462.0,41.52,115.553,13168.1,395.2,6.75772,106.732,7.15,61.5513,36.23,38.5749,371.148,2.58
2023-06-23,45.3,40.63,152.0,16.355,462.8,41.24,111.536,13051.9,385.8,6.79198,103.022,7.176,60.4738,35.26,37.8119,355.874,2.604
2023-06-26,47.33,41.79,152.1,16.69,466.4,41.25,112.23,13749.0,408.1,6.80149,105.543,7.278,61.1092,36.0,38.0097,368.666,2.598
2023-06-27,47.02,40.71,147.3,16.54,459.5,40.84,111.04,13574.8,407.5,6.70063,103.497,7.142,60.262,35.35,37.4634,367.521,2.576
2023-06-28,47.3,41.1,150.85,16.755,465.8,40.35,109.8,13574.8,404.0,6.7444,101.785,7.238,60.483,35.62,37.4257,367.902,2.733
2023-06-29,47.32,41.33,154.65,16.67,470.0,40.79,109.602,13429.5,406.0,6.7482,103.973,7.4,60.8422,36.08,37.6141,372.866,2.799
2023-06-30,48.36,42.15,154.85,16.51,474.8,40.05,111.486,13565.1,406.1,6.64734,105.4,7.26,59.3135,36.15,37.1243,371.339,2.75
2023-07-03,50.24,43.34,155.0,16.58,476.2,40.92,114.115,13749.0,416.8,6.59216,107.0,7.394,59.9397,37.02,37.4257,373.63,2.807
2023-07-04,49.5,42.9,151.7,16.265,470.6,40.2,114.214,13419.8,412.0,6.59406,105.45,7.37,59.8292,36.51,36.7757,360.838,2.779
2023-07-05,48.01,43.01,143.35,15.875,462.0,39.55,111.04,12974.4,396.6,6.64734,102.9,7.234,58.6321,36.0,36.1352,354.538,2.764
2023-07-06,48.72,43.1,144.8,15.9,462.5,39.0,107.965,13110.0,409.1,6.59406,103.6,7.188,58.365,35.76,35.8337,357.402,2.871
2023-07-07,49.6,43.57,145.0,16.065,456.2,37.42,111.238,13430.0,418.2,6.73679,106.1,7.122,59.6727,36.65,36.2765,363.702,2.787
2023-07-10,50.6,43.6,145.5,16.13,465.8,38.44,111.139,13370.0,407.3,6.87,106.4,7.052,60.3265,36.73,36.0221,356.065,2.785
2023-07-11,51.46,42.72,144.55,16.0,466.6,40.0,112.825,13710.0,416.8,7.05,106.3,7.064,60.9803,36.87,35.8055,366.375,2.808
2023-07-12,53.8,44.08,150.5,16.325,466.0,41.66,118.727,14430.0,432.9,7.168,111.2,7.202,61.8828,38.58,36.7946,381.076,2.81
2023-07-13,54.7,44.78,154.05,16.405,461.2,42.78,122.0,14140.0,436.0,7.266,112.7,7.24,61.8275,39.0,36.6815,374.203,2.81
2023-07-14,54.72,44.74,154.2,16.615,467.8,42.43,120.066,14410.0,450.0,7.3,112.2,7.24,61.4592,38.94,36.3612,384.321,2.812
2023-07-17,55.42,46.6,159.5,16.7,471.4,42.74,117.239,14540.0,454.4,7.34,111.6,8.318,61.5605,39.1,35.9844,382.985,3.442
2023-07-18,56.5,46.89,159.45,16.71,471.9,42.39,116.049,14460.0,466.0,7.334,114.4,8.59,62.4445,39.94,36.5496,395.968,3.46
2023-07-19,57.8,44.32,160.0,16.665,474.0,42.99,115.652,14420.0,465.8,7.294,114.95,8.446,64.8664,39.89,36.5402,387.567,3.341
2023-07-20,57.4,44.99,160.2,16.405,472.4,43.83,116.644,14060.0,463.1,7.15,114.4,8.35,64.7191,39.64,36.2199,387.376,3.39
2023-07-21,56.3,46.49,159.75,16.22,475.0,41.88,115.354,14180.0,454.7,7.202,112.7,8.34,64.7007,39.43,36.5308,387.567,3.465
2023-07-24,57.56,49.3,158.25,16.5,480.0,41.27,116.049,14450.0,461.0,7.28,114.15,8.532,65.4926,39.8,36.6344,386.613,3.516
2023-07-25,57.2,49.18,157.75,16.24,476.0,42.27,122.0,14320.0,464.3,7.304,113.8,8.49,64.894,39.65,37.9626,385.658,3.595
2023-07-26,56.56,49.3,157.85,16.2,475.0,41.33,119.85,13950.0,469.9,7.34,114.0,8.396,64.4796,39.59,37.3032,381.84,3.55
2023-07-27,58.2,48.79,164.3,16.21,460.1,41.1,120.1,13720.0,477.0,7.48,117.65,8.454,65.1058,40.48,38.2923,381.84,3.578
2023-07-28,58.18,49.5,164.4,16.21,459.2,40.55,120.4,13690.0,477.0,7.406,118.05,8.392,64.8756,40.52,38.4336,383.94,3.565
2023-07-31,58.04,51.88,163.35,16.15,446.3,40.9,124.05,13800.0,478.2,7.372,118.3,8.522,65.8333,40.66,38.1793,379.358,3.723
2023-08-01,57.6,51.5,160.8,16.47,449.1,40.43,122.15,13820.0,470.6,7.37,117.2,8.822,65.4742,40.33,38.4054,375.348,3.74
2023-08-02,57.5,51.0,159.3,16.01,444.0,39.08,118.15,13530.0,461.3,7.276,115.55,8.71,64.3507,39.54,37.3786,367.139,3.695
2023-08-03,57.6,49.05,162.7,16.06,447.4,38.52,118.5,12970.0,458.8,7.22,115.4,8.612,63.8903,39.78,37.4163,367.521,3.701
2023-08-04,59.36,50.34,163.1,16.185,451.2,38.89,119.55,13670.0,467.0,7.086,117.35,8.67,64.848,40.34,37.7366,374.966,3.726
2023-08-07,58.66,49.15,162.45,16.1,437.7,38.58,117.75,13590.0,461.1,7.044,117.25,8.646,64.0653,39.89,37.8779,372.866,3.791
2023-08-08,55.84,48.4,159.85,15.72,432.9,37.74,115.05,13110.0,448.1,7.152,112.45,8.47,64.01,39.21,37.3503,364.657,3.8
2023-08-09,56.98,49.0,155.3,15.925,430.2,38.65,115.65,13420.0,448.4,7.11,112.35,8.626,64.89,39.2,37.68,364.848,3.93
2023-08-10,59.38,48.22,159.5,15.65,434.6,37.6,116.25,13650.0,452.3,7.038,113.5,8.966,66.25,39.55,38.0851,374.585,3.985
2023-08-11,58.84,48.87,157.25,15.49,431.5,36.8,113.95,13400.0,448.7,7.022,112.3,8.934,64.57,39.0,37.9721,368.857,3.983
2023-08-14,57.72,48.05,157.25,14.9,433.3,36.02,112.5,13180.0,448.1,6.932,109.8,8.832,64.15,38.6,37.7083,369.621,4.04
2023-08-16,55.7,47.7,150.05,14.33,432.3,34.59,109.1,13120.0,427.8,6.878,107.15,8.816,63.86,37.13,36.6815,359.311,4.127
2023-08-17,53.52,46.92,149.4,14.05,432.3,34.1,107.75,12950.0,416.0,6.836,105.6,8.702,62.8,36.6,36.6438,351.674,4.19
2023-08-18,55.0,45.9,154.0,14.195,396.2,34.7,106.3,12950.0,419.5,6.832,105.9,8.884,62.57,36.77,36.9547,353.583,4.198
2023-08-21,55.08,46.24,155.6,14.675,384.7,35.35,107.85,12820.0,420.2,6.916,106.8,8.85,64.04,37.06,36.9735,359.311,4.267
2023-08-22,53.96,45.9,157.1,14.385,384.4,35.01,109.7,12740.0,415.8,6.844,104.9,8.82,64.31,36.71,36.7663,358.165,4.47
2023-08-23,53.52,45.84,159.8,14.18,373.0,34.6,112.25,12520.0,409.0,6.86,105.5,9.164,64.16,37.02,37.1902,361.411,4.584
2023-08-24,53.34,45.27,154.95,14.045,374.9,34.29,109.85,13000.0,412.1,7.036,107.05,8.952,63.66,37.4,37.1337,360.838,4.4
2023-08-25,52.42,44.22,156.1,14.255,377.3,34.72,110.45,12670.0,413.8,7.0,106.4,8.824,62.56,37.13,37.5293,359.311,4.31
2023-08-28,54.7,44.81,154.85,13.26,389.6,38.1,113.4,13140.0,426.9,6.998,109.5,8.918,64.0,37.93,38.1887,366.948,4.258
2023-08-29,55.68,44.9,155.95,13.35,395.0,37.69,115.95,13050.0,432.0,7.06,108.85,8.632,63.52,37.88,38.1699,364.848,4.221
2023-08-30,56.5,44.36,153.55,13.445,381.8,37.37,115.8,13650.0,438.4,7.15,109.7,8.616,63.58,38.06,39.0083,366.184,4.29
2023-08-31,56.18,44.55,147.55,13.56,378.9,36.21,114.1,13880.0,429.0,7.154,107.9,8.486,63.05,37.35,38.9329,354.729,4.281
2023-09-01,55.54,44.81,150.45,13.795,377.7,37.02,117.9,14110.0,428.0,7.162,109.1,8.458,63.56,37.86,39.7901,362.366,4.108
2023-09-04,54.0,43.7,156.3,13.77,375.0,37.2,116.5,13680.0,418.3,7.134,106.9,8.21,62.53,37.51,39.1684,352.629,3.991
2023-09-05,54.0,43.14,153.55,13.48,375.8,36.48,114.75,14000.0,422.8,7.146,105.15,7.89,61.79,37.17,38.98,348.81,3.94
2023-09-06,51.4,45.5,151.0,14.59,382.7,35.99,113.0,14000.0,408.5,7.184,100.1,7.536,60.5,35.34,38.19,340.41,3.691
2023-09-07,49.04,43.21,147.85,13.92,386.5,35.68,109.25,13400.0,401.4,7.11,99.02,7.458,58.46,35.26,38.2,335.637,3.684
2023-09-08,49.71,43.58,154.1,13.415,383.8,37.26,110.3,13450.0,398.7,7.184,99.94,7.566,58.63,35.17,39.15,338.883,3.789
2023-09-11,49.78,43.39,156.25,13.08,382.3,37.99,111.9,13440.0,399.7,7.198,99.72,7.624,58.48,35.14,38.49,342.51,3.851
2023-09-12,50.22,42.61,156.7,12.675,377.4,38.01,112.6,13250.0,400.9,7.2,100.35,7.73,59.21,35.26,39.56,342.128,3.77
2023-09-13,51.0,42.3,155.9,13.1,372.0,39.3,111.35,13030.0,407.1,7.334,100.35,7.83,59.11,35.33,40.55,341.174,3.838
2023-09-14,51.8,42.9,155.65,13.1,375.0,42.12,116.3,13020.0,404.6,7.38,102.15,7.768,59.82,35.51,41.46,340.601,3.88
2023-09-15,51.66,42.14,154.25,13.525,382.9,43.25,116.8,13000.0,407.8,7.582,101.7,7.834,60.38,35.54,41.44,337.546,3.836
2023-09-18,49.87,41.44,153.3,13.235,388.7,43.35,112.5,12960.0,397.6,7.482,98.8,7.68,59.71,34.69,40.66,330.291,3.75
2023-09-19,49.96,41.01,148.4,12.95,370.0,44.34,111.6,12920.0,394.2,7.576,101.3,7.5,58.81,35.14,40.62,334.301,3.772
2023-09-20,51.8,42.0,153.0,13.21,376.3,45.63,115.15,13270.0,400.6,7.752,103.85,7.768,59.27,35.63,41.17,355.302,3.839
2023-09-21,50.52,40.94,148.6,13.005,373.1,44.5,111.7,13090.0,396.3,7.7,101.0,7.844,59.6,35.28,41.04,344.419,3.75
2023-09-22,49.82,41.85,148.7,12.94,373.8,44.81,111.45,13790.0,390.2,7.708,99.16,7.714,60.8,34.59,41.25,337.928,3.669
2023-09-25,49.2,41.18,149.4,12.73,375.4,42.68,108.2,13960.0,381.1,7.61,97.54,7.56,59.97,33.89,40.9,332.582,3.599
2023-09-26,49.9,41.06,141.1,12.395,361.4,42.7,109.35,13860.0,388.4,7.59,99.66,7.652,59.27,34.77,41.6,337.928,3.664
2023-09-27,48.55,40.25,135.0,12.34,360.2,43.95,108.55,13120.0,381.6,7.524,97.82,7.598,58.28,34.01,40.85,333.537,3.627
2023-09-28,49.6,38.0,123.7,11.78,347.8,44.39,111.4,12780.0,382.6,7.46,98.06,7.366,58.2,33.96,40.7,333.919,3.532
2023-09-29,51.8,39.02,125.2,12.085,355.0,44.02,111.95,13000.0,395.3,7.47,100.95,7.498,58.7,34.72,41.37,343.656,3.593
2023-10-02,50.34,37.42,120.8,11.65,344.9,42.83,108.8,12500.0,385.1,7.364,98.94,7.42,57.74,33.76,40.08,334.682,3.516
2023-10-03,49.5,37.34,129.1,11.42,343.7,42.4,107.25,12420.0,378.2,7.408,98.2,7.004,57.84,33.88,40.28,333.155,3.343
2023-10-04,52.5,37.99,126.55,11.84,345.8,43.85,106.75,12270.0,395.7,7.576,101.0,6.896,57.25,34.57,40.56,344.228,3.334
2023-10-05,52.84,37.66,118.75,11.6,348.9,43.99,105.0,12000.0,396.5,7.546,102.6,6.74,56.07,34.79,40.6,345.374,3.303
2023-10-06,55.74,37.71,107.6,11.43,350.8,40.58,107.4,12200.0,418.0,7.48,105.85,6.436,54.6,36.3,41.15,355.493,3.235
2023-10-09,58.32,37.77,109.55,11.505,359.1,42.16,107.9,12550.0,434.4,7.69,108.7,6.53,58.1,36.7,41.4,360.075,3.313
2023-10-10,58.38,38.8,112.3,12.18,365.9,43.95,110.05,12810.0,440.0,7.65,110.95,6.886,60.68,38.4,41.86,369.812,3.529
2023-10-11,60.66,38.27,109.7,12.44,359.6,43.61,110.8,12630.0,447.3,7.652,112.15,6.912,60.65,39.29,42.85,374.585,3.6
2023-10-12,59.84,37.78,105.55,12.29,345.0,43.7,109.7,12610.0,445.6,7.462,112.75,6.88,60.54,38.87,42.53,369.048,3.64
2023-10-13,60.6,38.4,105.9,12.63,358.6,44.08,109.15,12080.0,451.4,7.584,111.8,7.122,62.16,38.65,42.44,374.012,3.709
2023-10-16,62.5,39.3,101.65,12.39,366.0,44.65,112.5,12350.0,490.0,7.404,126.65,6.982,67.46,43.0,45.0,403.032,3.623
2023-10-17,63.2,40.63,105.35,12.89,383.5,44.2,111.9,12800.0,505.0,7.438,127.85,7.35,66.5,43.1,47.01,410.668,3.799
2023-10-18,62.3,39.88,104.4,12.845,386.3,45.8,113.3,12840.0,500.6,7.382,123.85,7.468,66.45,41.82,46.08,400.932,3.818
2023-10-19,62.0,39.5,105.15,12.8,375.0,45.0,110.2,12970.0,491.3,7.408,118.95,7.01,65.99,40.55,44.71,393.104,3.577
2023-10-20,61.88,38.34,104.6,12.9,378.0,44.1,107.95,12800.0,479.4,7.474,116.5,6.98,65.41,39.98,44.4,388.14,3.64
2023-10-23,61.74,37.9,103.45,13.035,374.0,43.55,105.6,12250.0,480.2,7.332,118.9,6.832,65.06,40.28,44.76,386.613,3.693
2023-10-24,64.0,38.32,103.65,13.0,373.9,43.46,107.4,12670.0,500.0,7.362,123.5,6.864,65.61,41.12,46.39,390.622,3.721
2023-10-25,64.8,39.15,105.6,13.24,380.1,43.52,110.8,12680.0,519.8,7.67,126.45,7.088,65.87,42.03,47.16,410.287,3.874
2023-10-26,66.0,39.81,106.55,13.19,398.3,45.46,111.9,12730.0,519.0,7.71,127.6,7.132,66.1,42.65,47.37,418.878,3.772
2023-10-27,65.1,39.47,106.7,12.96,395.4,45.09,111.35,12810.0,505.2,7.526,125.65,7.15,65.88,42.02,46.81,419.833,3.751
2023-10-30,65.88,40.79,105.0,12.98,390.2,46.99,111.6,13340.0,521.8,7.662,128.0,7.328,65.6,42.73,46.95,433.388,3.724
2023-10-31,66.18,39.8,105.0,13.115,398.5,49.94,112.25,13560.0,519.8,7.804,127.7,7.298,66.5,43.52,47.61,435.679,3.699
2023-11-02,66.16,41.67,108.35,13.415,396.0,50.06,113.2,13750.0,523.6,7.966,129.0,7.454,65.88,43.24,47.16,441.406,3.81
2023-11-03,66.82,41.72,110.0,13.8,423.5,49.51,113.8,13900.0,528.4,8.042,128.25,7.6,65.56,43.53,47.06,438.734,3.95
2023-11-06,68.1,41.03,109.6,13.825,433.9,50.8,113.5,13960.0,527.8,8.016,128.15,7.532,66.15,43.6,47.13,438.734,3.919
2023-11-07,68.5,40.86,109.5,13.68,433.5,50.18,109.0,13550.0,532.0,8.022,127.5,7.488,65.1,43.18,46.99,438.734,3.83
2023-11-08,68.82,40.34,108.25,13.515,434.4,47.86,107.5,13450.0,522.8,7.842,125.7,7.32,63.8,42.36,46.84,437.015,3.783
2023-11-09,69.62,44.49,110.0,12.27,430.0,48.95,109.5,14140.0,534.8,7.876,130.85,7.218,63.25,43.88,47.37,452.862,3.774
2023-11-10,68.34,43.91,109.2,11.8,434.4,47.46,105.9,13950.0,523.4,7.888,129.5,7.0,62.16,43.8,45.75,444.652,3.662
2023-11-13,69.24,42.88,107.7,11.44,439.4,47.32,106.1,13730.0,528.8,7.94,129.75,6.722,61.85,43.74,45.56,447.707,3.576
2023-11-14,71.94,44.89,114.1,12.505,447.7,50.44,112.4,14790.0,553.0,8.132,137.75,7.002,64.27,46.64,47.46,470.426,3.678
2023-11-15,71.44,45.0,114.0,12.8,438.5,49.71,114.5,14890.0,538.4,8.048,135.95,7.016,63.23,46.0,46.85,456.298,3.591
2023-11-16,71.82,46.25,112.6,12.36,440.8,49.78,114.95,15210.0,552.2,7.976,137.1,7.084,62.6,46.93,46.51,461.071,3.7
2023-11-17,72.68,47.4,113.15,12.365,441.6,49.77,115.75,15250.0,559.0,7.884,138.75,7.108,62.26,47.68,46.99,466.608,3.679
2023-11-20,75.12,49.17,113.85,13.04,442.1,50.9,119.0,14880.0,567.0,7.904,139.4,7.2,63.9,48.0,46.99,469.663,3.765
2023-11-21,73.5,48.82,113.2,12.93,443.0,49.97,118.65,14570.0,564.2,7.868,138.95,7.232,64.05,47.44,46.79,472.145,3.755
2023-11-22,74.18,49.5,113.85,12.73,446.6,47.82,117.35,15110.0,569.0,7.976,139.3,7.234,63.01,47.11,46.75,468.135,3.711
2023-11-23,74.38,49.57,110.4,12.635,441.9,42.0,116.0,14850.0,565.2,7.894,138.0,7.228,63.07,46.74,47.21,466.608,3.729
2023-11-24,74.36,49.05,111.95,12.61,442.1,41.1,116.3,15000.0,555.2,7.842,137.7,7.688,64.2,46.52,46.63,467.753,3.94
2023-11-27,73.26,50.14,109.6,12.4,440.4,41.2,114.95,14940.0,542.6,7.914,136.45,8.15,63.87,45.99,45.27,462.599,4.147
2023-11-28,76.26,51.0,107.95,12.515,444.0,40.84,117.4,14970.0,560.4,7.974,138.85,8.454,64.71,46.91,46.16,471.954,4.23
2023-11-29,77.4,50.0,104.2,12.25,450.0,42.0,117.25,14600.0,563.2,8.022,140.15,8.332,59.6,47.75,45.74,481.595,4.18
2023-11-30,77.18,54.3,108.85,12.83,445.8,39.54,115.3,14880.0,564.2,8.03,140.55,8.408,59.04,47.53,45.6,474.245,4.12
2023-12-01,79.0,54.92,111.0,12.9,456.5,41.72,121.4,15590.0,573.8,8.074,147.8,8.736,60.6,49.55,46.74,486.368,4.31
2023-12-04,77.5,57.62,106.7,13.375,464.8,41.0,120.2,15600.0,571.2,8.212,146.0,8.7,59.95,49.3,47.08,486.845,4.367
2023-12-05,76.8,59.84,107.75,13.285,466.0,41.2,118.8,16300.0,570.0,8.218,146.85,8.828,60.33,49.3,47.91,489.709,4.36
2023-12-06,76.9,59.12,108.5,13.355,468.5,42.03,119.4,16310.0,560.2,8.204,146.45,8.906,61.31,49.43,48.9,484.459,4.245
2023-12-07,76.6,58.32,108.25,13.27,456.0,42.65,117.25,16120.0,555.8,8.21,147.3,8.86,60.66,49.27,47.94,485.414,4.139
2023-12-08,77.2,59.16,112.15,13.14,454.3,44.91,117.95,16260.0,560.0,8.21,147.6,8.88,62.01,49.54,48.16,487.323,4.18
2023-12-11,76.64,58.34,113.85,13.29,461.1,44.72,118.45,16360.0,554.0,8.23,146.8,8.94,63.37,49.51,47.4,490.664,4.072
2023-12-12,75.78,58.9,113.3,13.055,457.2,43.58,115.65,16390.0,544.2,8.24,146.05,8.77,62.65,49.23,47.24,485.891,3.946
2023-12-13,75.9,59.9,112.85,12.6,450.9,42.62,115.6,16730.0,542.0,8.2,147.55,8.682,62.4,49.4,46.77,490.186,3.91
2023-12-14,75.32,59.34,114.0,12.695,457.0,43.88,121.5,15900.0,538.0,8.24,148.9,8.842,62.19,49.5,47.01,493.528,4.086
2023-12-15,75.08,58.88,114.4,12.825,458.4,44.53,123.3,15980.0,530.4,8.2,146.15,8.674,62.24,49.11,47.76,480.163,3.898
2023-12-18,75.3,62.3,115.3,12.745,459.9,43.52,124.2,16110.0,538.6,8.192,150.05,8.594,62.99,50.4,46.73,487.323,3.889
2023-12-19,78.2,65.6,116.5,12.96,463.7,43.63,126.1,16530.0,550.8,8.196,150.85,8.67,63.14,50.78,47.11,480.163,3.928
2023-12-20,76.7,65.9,116.0,12.95,459.0,42.0,123.95,16650.0,546.0,8.2,149.5,8.734,62.72,50.46,47.67,487.8,3.98
2023-12-21,76.3,65.28,116.0,12.67,460.6,41.84,123.9,16670.0,549.4,8.202,151.35,8.87,64.2,50.3,47.93,488.0,3.93
2023-12-22,77.0,63.7,116.5,12.475,457.0,41.76,123.8,16560.0,548.0,8.2,151.4,8.798,64.46,50.3,47.72,493.0,3.91
2023-12-27,77.56,63.3,115.0,12.71,462.0,42.33,125.6,16600.0,554.0,8.258,153.25,8.898,65.45,51.3,47.83,496.2,3.89
2023-12-28,76.8,62.02,115.7,12.48,461.3,42.48,124.7,16210.0,546.0,8.158,152.8,8.794,66.11,50.58,47.41,488.8,3.817
2023-12-29,76.34,61.16,115.0,12.33,460.7,42.03,122.7,16190.0,535.0,8.14,152.05,8.678,65.5,50.32,47.27,489.8,3.734
